{
  "project_info": {
    "project_number": "513112584828",
    "firebase_url": "https://stopwatch-cc96f.firebaseio.com",
    "project_id": "stopwatch-cc96f",
    "storage_bucket": "stopwatch-cc96f.appspot.com"
  },
  "client": [
    {
      "client_info": {
        "mobilesdk_app_id": "1:513112584828:android:9f3d29cedc4262b5410ff9",
        "android_client_info": {
          "package_name": "com.gaya_second.stopwatch"
        }
      },
      "oauth_client": [
        {
          "client_id": "513112584828-be96ll72507hlfiuso1nq0nm5g3lkrik.apps.googleusercontent.com",
          "client_type": 3
        }
      ],
      "api_key": [
        {
          "current_key": "AIzaSyB6X03aaUq9eDrRZSX90ORnrba9FL23ZXE"
        }
      ],
      "services": {
        "appinvite_service": {
          "other_platform_oauth_client": [
            {
              "client_id": "513112584828-be96ll72507hlfiuso1nq0nm5g3lkrik.apps.googleusercontent.com",
              "client_type": 3
            }
          ]
        }
      }
    }
  ],
  "configuration_version": "1"
}